{"cameraMode":{"drawMode":0,"name":"Shaded","section":"Shading Mode"},"sceneLighting":true,"audioPlay":false,"sceneViewState":{"m_AlwaysRefresh":false,"showFog":true,"showSkybox":true,"showFlares":true,"showImageEffects":true,"showParticleSystems":true,"showVisualEffectGraphs":true,"m_FxEnabled":true},"in2DMode":false,"pivot":{"x":-2.91074275970459,"y":-1.6482973098754883,"z":-0.30878448486328127},"rotation":{"x":0.021508164703845979,"y":-0.6557294130325317,"z":0.01869312860071659,"w":0.7544601559638977},"size":9.969094276428223,"orthographic":true}