{"cameraMode":{"drawMode":0,"name":"Shaded","section":"Shading Mode"},"sceneLighting":true,"audioPlay":false,"sceneViewState":{"m_AlwaysRefresh":false,"showFog":true,"showSkybox":true,"showFlares":true,"showImageEffects":true,"showParticleSystems":true,"showVisualEffectGraphs":true,"m_FxEnabled":true},"in2DMode":false,"pivot":{"x":-8.968438148498536,"y":3.4214863777160646,"z":-1.1742618083953858},"rotation":{"x":0.10480794310569763,"y":0.005967535078525543,"z":-0.0006275123450905085,"w":0.9944890737533569},"size":9.611058235168457,"orthographic":true}